file,class,function,line,has_emit,has_trace_emitter_attr,has_logger_call,classification
sovereignai\main.py,,build_container,25,True,True,False,TRACED
sovereignai\main.py,,teacher_worker_factory,226,False,False,False,PURE
sovereignai\main.py,,run_crash_recovery,252,False,False,False,PURE
sovereignai\conformance\base.py,BaseConformanceTest,test_component_has_required_interface,26,False,False,False,PURE
sovereignai\conformance\registry.py,,register,17,True,False,False,TRACED
sovereignai\conformance\registry.py,,decorator,19,True,False,False,TRACED
sovereignai\conformance\registry.py,,get_conformance_tests_for_class,30,True,False,False,TRACED
sovereignai\conformance\runner.py,ConformanceRunner,__init__,16,False,True,False,DUNDER_PROTOCOL
sovereignai\conformance\runner.py,ConformanceRunner,_cache_set,25,False,False,False,PURE
sovereignai\conformance\runner.py,ConformanceRunner,check,35,True,True,False,PURE
sovereignai\databases\base.py,DatabaseBase,name,30,False,False,False,PURE
sovereignai\databases\base.py,DatabaseBase,download,35,False,False,False,PURE
sovereignai\databases\base.py,DatabaseBase,update,40,False,False,False,PURE
sovereignai\databases\base.py,DatabaseBase,uninstall,45,False,False,False,PURE
sovereignai\databases\base.py,DatabaseBase,status,50,False,False,False,PURE
sovereignai\databases\registry.py,DatabaseRegistry,register,16,False,False,False,PURE
sovereignai\databases\registry.py,DatabaseRegistry,get,22,False,False,False,PURE
sovereignai\databases\registry.py,DatabaseRegistry,list_all,27,False,False,False,PURE
sovereignai\databases\registry.py,DatabaseRegistry,clear,32,False,False,False,PURE
sovereignai\databases\huggingface\cli.py,,huggingface,10,False,False,False,PURE
sovereignai\databases\huggingface\cli.py,,status,16,False,False,False,PURE
sovereignai\databases\huggingface\cli.py,,download,33,False,False,False,PURE
sovereignai\databases\huggingface\cli.py,,update,42,False,False,False,PURE
sovereignai\databases\huggingface\cli.py,,uninstall,51,False,False,False,PURE
sovereignai\databases\huggingface\database.py,HuggingFaceDatabase,__init__,16,False,True,False,DUNDER_PROTOCOL
sovereignai\databases\huggingface\database.py,HuggingFaceDatabase,name,26,False,False,False,PURE
sovereignai\databases\huggingface\database.py,HuggingFaceDatabase,download,30,True,True,False,PURE
sovereignai\databases\huggingface\database.py,HuggingFaceDatabase,update,57,True,True,False,PURE
sovereignai\databases\huggingface\database.py,HuggingFaceDatabase,uninstall,82,True,True,False,PURE
sovereignai\databases\huggingface\database.py,HuggingFaceDatabase,status,99,False,False,False,PURE
sovereignai\databases\huggingface\schema.py,,get_db_path,13,False,False,False,PURE
sovereignai\databases\huggingface\schema.py,,init_schema,18,True,False,False,PURE
sovereignai\databases\huggingface\schema.py,,migrate_to_v2,81,True,False,False,PURE
sovereignai\databases\huggingface\schema.py,,ensure_latest_schema,149,True,False,False,PURE
sovereignai\databases\huggingface\sync.py,HuggingFaceSync,__init__,55,False,True,False,DUNDER_PROTOCOL
sovereignai\databases\huggingface\sync.py,HuggingFaceSync,download,64,True,True,False,PURE
sovereignai\databases\huggingface\sync.py,HuggingFaceSync,update,90,True,True,False,PURE
sovereignai\databases\huggingface\sync.py,HuggingFaceSync,parse_org,123,False,False,False,PURE
sovereignai\databases\huggingface\sync.py,HuggingFaceSync,parse_quant_tag,135,False,False,False,PURE
sovereignai\databases\huggingface\sync.py,HuggingFaceSync,parse_file_type,152,False,False,False,PURE
sovereignai\databases\huggingface\sync.py,HuggingFaceSync,map_arch_to_family,172,False,False,False,PURE
sovereignai\databases\huggingface\sync.py,HuggingFaceSync,map_category_to_group,183,False,False,False,PURE
sovereignai\databases\huggingface\sync.py,HuggingFaceSync,parse_model_version,194,False,False,False,PURE
sovereignai\librarian\librarian.py,Librarian,__init__,39,False,True,False,DUNDER_PROTOCOL
sovereignai\librarian\librarian.py,Librarian,store,54,True,True,False,PURE
sovereignai\librarian\librarian.py,Librarian,query,93,True,True,False,PURE
sovereignai\librarian\librarian.py,Librarian,delete,136,True,True,False,PURE
sovereignai\librarian\librarian.py,Librarian,_route,172,False,False,False,PURE
sovereignai\librarian\librarian.py,Librarian,_merge_results,192,True,True,False,TRACED
sovereignai\memory\episodic_backend.py,EpisodicMemoryBackend,__init__,28,False,True,False,DUNDER_PROTOCOL
sovereignai\memory\episodic_backend.py,EpisodicMemoryBackend,_initialize_db,39,False,False,False,PURE
sovereignai\memory\episodic_backend.py,EpisodicMemoryBackend,store,70,True,True,False,PURE
sovereignai\memory\episodic_backend.py,EpisodicMemoryBackend,query,107,True,True,False,TRACED
sovereignai\memory\episodic_backend.py,EpisodicMemoryBackend,delete,178,True,True,False,PURE
sovereignai\memory\episodic_backend.py,EpisodicMemoryBackend,close,203,False,False,False,PURE
sovereignai\memory\procedural_backend.py,ProceduralMemoryBackend,__init__,39,False,True,False,DUNDER_PROTOCOL
sovereignai\memory\procedural_backend.py,ProceduralMemoryBackend,_ensure_file_exists,49,False,False,False,PURE
sovereignai\memory\procedural_backend.py,ProceduralMemoryBackend,_acquire_lock,55,True,True,False,TRACED
sovereignai\memory\procedural_backend.py,ProceduralMemoryBackend,_release_lock,94,False,False,False,PURE
sovereignai\memory\procedural_backend.py,ProceduralMemoryBackend,_atomic_write,101,True,True,False,TRACED
sovereignai\memory\procedural_backend.py,ProceduralMemoryBackend,_read_patterns,117,True,True,False,TRACED
sovereignai\memory\procedural_backend.py,ProceduralMemoryBackend,store,142,True,True,False,TRACED
sovereignai\memory\procedural_backend.py,ProceduralMemoryBackend,query,198,True,True,False,TRACED
sovereignai\memory\procedural_backend.py,ProceduralMemoryBackend,delete,233,True,True,False,PURE
sovereignai\memory\procedural_backend.py,ProceduralMemoryBackend,prune_low_confidence,267,True,True,False,PURE
sovereignai\memory\trace_backend.py,TraceMemoryBackend,__init__,31,False,True,False,DUNDER_PROTOCOL
sovereignai\memory\trace_backend.py,TraceMemoryBackend,_initialize_db,42,False,False,False,PURE
sovereignai\memory\trace_backend.py,TraceMemoryBackend,store,77,True,True,False,PURE
sovereignai\memory\trace_backend.py,TraceMemoryBackend,query,128,True,True,False,TRACED
sovereignai\memory\trace_backend.py,TraceMemoryBackend,delete,196,True,True,False,PURE
sovereignai\memory\trace_backend.py,TraceMemoryBackend,get_last_task_states,221,False,False,False,PURE
sovereignai\memory\trace_backend.py,TraceMemoryBackend,close,248,False,False,False,PURE
sovereignai\memory\working_backend.py,WorkingMemoryBackend,__init__,25,False,True,False,DUNDER_PROTOCOL
sovereignai\memory\working_backend.py,WorkingMemoryBackend,store,35,True,True,False,TRACED
sovereignai\memory\working_backend.py,WorkingMemoryBackend,query,69,True,True,False,TRACED
sovereignai\memory\working_backend.py,WorkingMemoryBackend,delete,98,True,True,False,TRACED
sovereignai\memory\working_backend.py,WorkingMemoryBackend,cleanup,121,True,True,False,PURE
sovereignai\orchestrator\dispatcher.py,MessageDispatcher,__init__,44,False,True,False,DUNDER_PROTOCOL
sovereignai\orchestrator\dispatcher.py,MessageDispatcher,dispatch,65,True,True,False,PURE
sovereignai\orchestrator\dispatcher.py,MessageDispatcher,_find_matching_skill,133,False,False,False,PURE
sovereignai\orchestrator\dispatcher.py,MessageDispatcher,_get_intent_keywords,162,False,False,False,PURE
sovereignai\orchestrator\dispatcher.py,MessageDispatcher,_get_capability_name,190,False,False,False,PURE
sovereignai\services\base.py,ServiceBase,name,30,False,False,False,PURE
sovereignai\services\base.py,ServiceBase,download,35,False,False,False,PURE
sovereignai\services\base.py,ServiceBase,update,40,False,False,False,PURE
sovereignai\services\base.py,ServiceBase,uninstall,45,False,False,False,PURE
sovereignai\services\base.py,ServiceBase,start,50,False,False,False,PURE
sovereignai\services\base.py,ServiceBase,stop,55,False,False,False,PURE
sovereignai\services\base.py,ServiceBase,restart,60,False,False,False,PURE
sovereignai\services\base.py,ServiceBase,status,65,False,False,False,PURE
sovereignai\services\registry.py,ServiceRegistry,register,16,False,False,False,PURE
sovereignai\services\registry.py,ServiceRegistry,get,22,False,False,False,PURE
sovereignai\services\registry.py,ServiceRegistry,list_all,27,False,False,False,PURE
sovereignai\services\registry.py,ServiceRegistry,clear,32,False,False,False,PURE
sovereignai\services\ollama\cli.py,,ollama,11,False,False,False,PURE
sovereignai\services\ollama\cli.py,,status,17,False,False,False,PURE
sovereignai\services\ollama\cli.py,,download,34,False,False,False,PURE
sovereignai\services\ollama\cli.py,,update,43,False,False,False,PURE
sovereignai\services\ollama\cli.py,,uninstall,52,False,False,False,PURE
sovereignai\services\ollama\cli.py,,start,61,False,False,False,PURE
sovereignai\services\ollama\cli.py,,stop,70,False,False,False,PURE
sovereignai\services\ollama\cli.py,,restart,79,False,False,False,PURE
sovereignai\services\ollama\service.py,OllamaService,__init__,20,False,True,False,DUNDER_PROTOCOL
sovereignai\services\ollama\service.py,OllamaService,name,33,False,False,False,PURE
sovereignai\services\ollama\service.py,OllamaService,download,37,True,True,False,PURE
sovereignai\services\ollama\service.py,OllamaService,update,90,True,True,False,PURE
sovereignai\services\ollama\service.py,OllamaService,uninstall,100,True,True,False,PURE
sovereignai\services\ollama\service.py,OllamaService,start,118,True,True,False,PURE
sovereignai\services\ollama\service.py,OllamaService,stop,149,True,True,False,PURE
sovereignai\services\ollama\service.py,OllamaService,restart,174,True,True,False,PURE
sovereignai\services\ollama\service.py,OllamaService,status,184,False,False,False,PURE
sovereignai\shared\auth.py,AuthMiddleware,__init__,51,False,True,False,DUNDER_PROTOCOL
sovereignai\shared\auth.py,AuthMiddleware,_load_users,65,True,True,False,PURE
sovereignai\shared\auth.py,AuthMiddleware,_save_users,86,False,False,False,PURE
sovereignai\shared\auth.py,AuthMiddleware,register_user,102,True,True,False,PURE
sovereignai\shared\auth.py,AuthMiddleware,login,131,True,True,False,PURE
sovereignai\shared\auth.py,AuthMiddleware,validate,171,False,False,False,PURE
sovereignai\shared\capability_api.py,CapabilityAPI,__init__,52,False,True,False,DUNDER_PROTOCOL
sovereignai\shared\capability_api.py,CapabilityAPI,query_capabilities,77,True,True,False,PURE
sovereignai\shared\capability_api.py,CapabilityAPI,submit_task,102,True,True,False,PURE
sovereignai\shared\capability_api.py,CapabilityAPI,get_task_state,180,False,False,False,PURE
sovereignai\shared\capability_graph.py,CapabilityGraph,__init__,79,False,True,False,DUNDER_PROTOCOL
sovereignai\shared\capability_graph.py,CapabilityGraph,register,97,True,True,False,TRACED
sovereignai\shared\capability_graph.py,CapabilityGraph,find_providers,179,False,False,False,PURE
sovereignai\shared\capability_graph.py,CapabilityGraph,list_all_components,197,False,False,False,PURE
sovereignai\shared\capability_graph.py,CapabilityGraph,remove,207,True,True,False,TRACED
sovereignai\shared\config_loader.py,,load_config,10,False,False,False,PURE
sovereignai\shared\config_loader.py,,save_config,19,False,False,False,PURE
sovereignai\shared\config_loader.py,,get_config_value,26,False,False,False,PURE
sovereignai\shared\config_loader.py,,set_config_value,35,False,False,False,PURE
sovereignai\shared\config_loader.py,,get_api_key,45,False,False,False,PURE
sovereignai\shared\config_loader.py,,set_api_key,49,False,False,False,PURE
sovereignai\shared\config_loader.py,,delete_api_key,53,True,False,False,TRACED
sovereignai\shared\container.py,DIContainer,__init__,37,False,True,False,DUNDER_PROTOCOL
sovereignai\shared\container.py,DIContainer,register_singleton,50,False,False,False,PURE
sovereignai\shared\container.py,DIContainer,register_factory,63,False,False,False,PURE
sovereignai\shared\container.py,DIContainer,retrieve,79,False,False,False,PURE
sovereignai\shared\container.py,DIContainer,remove,106,True,True,False,TRACED
sovereignai\shared\correlation.py,,set_correlation_id,21,False,False,False,PURE
sovereignai\shared\correlation.py,,get_correlation_id,32,False,False,False,PURE
sovereignai\shared\correlation.py,,new_correlation_scope,44,False,False,False,PURE
sovereignai\shared\correlation.py,CorrelationScope,__init__,59,False,False,False,DUNDER_PROTOCOL
sovereignai\shared\correlation.py,CorrelationScope,__enter__,68,False,False,False,DUNDER_PROTOCOL
sovereignai\shared\correlation.py,CorrelationScope,__exit__,74,False,False,False,DUNDER_PROTOCOL
sovereignai\shared\correlation.py,,generate_correlation_id,79,False,False,False,PURE
sovereignai\shared\correlation.py,,copy_correlation_id_to_thread,88,False,False,False,PURE
sovereignai\shared\correlation.py,,get_thread_correlation_id,97,False,False,False,PURE
sovereignai\shared\dag_validator.py,,validate_dag,21,True,False,False,TRACED
sovereignai\shared\event_bus.py,EventBus,__init__,33,False,True,False,DUNDER_PROTOCOL
sovereignai\shared\event_bus.py,EventBus,subscribe,45,True,True,False,TRACED
sovereignai\shared\event_bus.py,EventBus,publish,65,True,True,False,PURE
sovereignai\shared\hardware_probe.py,HardwareProbe,has_nvidia_gpu,8,False,False,False,PURE
sovereignai\shared\hardware_probe.py,HardwareProbe,get_vram_mb,30,False,False,False,PURE
sovereignai\shared\hardware_probe.py,HardwareProbe,has_cuda_via_torch,47,False,False,False,PURE
sovereignai\shared\hf_catalog.py,,detect_family,47,False,False,False,PURE
sovereignai\shared\hf_catalog.py,,fetch_gguf_models,62,True,False,False,TRACED
sovereignai\shared\hf_catalog.py,,get_model_files,113,True,False,False,TRACED
sovereignai\shared\lifecycle_manager.py,LifecycleManager,__init__,41,False,True,False,DUNDER_PROTOCOL
sovereignai\shared\lifecycle_manager.py,LifecycleManager,register,53,False,False,False,PURE
sovereignai\shared\lifecycle_manager.py,LifecycleManager,get_status,63,False,False,False,PURE
sovereignai\shared\lifecycle_manager.py,LifecycleManager,try_recover,83,True,True,False,PURE
sovereignai\shared\lifecycle_manager.py,LifecycleManager,set_status,106,True,True,False,PURE
sovereignai\shared\lifecycle_manager.py,LifecycleManager,reset,126,True,True,False,PURE
sovereignai\shared\lifecycle_manager.py,LifecycleManager,record_error,144,True,True,False,TRACED
sovereignai\shared\manifest_parser.py,,parse_manifest,27,False,False,False,PURE
sovereignai\shared\manifest_parser.py,,_parse_caps,117,True,False,False,TRACED
sovereignai\shared\manifest_parser.py,,_parse_priority,164,False,False,False,PURE
sovereignai\shared\models_db.py,,init_db,18,False,False,False,PURE
sovereignai\shared\models_db.py,,insert_or_update_model,66,False,False,False,PURE
sovereignai\shared\models_db.py,,get_models,115,True,False,False,TRACED
sovereignai\shared\models_db.py,,get_model_by_repo_and_quant,159,False,False,False,PURE
sovereignai\shared\models_db.py,,get_families,172,False,False,False,PURE
sovereignai\shared\models_db.py,,get_total_count,179,True,False,False,TRACED
sovereignai\shared\relay_placeholder.py,RelayPlaceholder,__init__,24,False,True,False,DATACLASS_INIT
sovereignai\shared\relay_placeholder.py,RelayPlaceholder,attempt_connection,33,True,True,False,PURE
sovereignai\shared\routing_engine.py,RoutingEngine,__init__,35,False,False,False,DUNDER_PROTOCOL
sovereignai\shared\routing_engine.py,RoutingEngine,route,48,False,False,False,PURE
sovereignai\shared\task_state_machine.py,TaskStateMachine,__init__,90,False,True,False,DUNDER_PROTOCOL
sovereignai\shared\task_state_machine.py,TaskStateMachine,submit,103,False,False,False,PURE
sovereignai\shared\task_state_machine.py,TaskStateMachine,transition,139,False,False,False,PURE
sovereignai\shared\task_state_machine.py,TaskStateMachine,get_state,168,False,False,False,PURE
sovereignai\shared\task_state_machine.py,TaskStateMachine,list_tasks,185,False,False,False,PURE
sovereignai\shared\task_state_machine.py,TaskStateMachine,_publish,194,False,False,False,PURE
sovereignai\shared\trace_emitter.py,TraceEmitter,__init__,46,False,False,False,DUNDER_PROTOCOL
sovereignai\shared\trace_emitter.py,TraceEmitter,emit,59,False,False,False,MUST_TRACE
sovereignai\shared\trace_emitter.py,TraceEmitter,get_events,93,False,False,False,PURE
sovereignai\shared\trace_emitter.py,TraceEmitter,subscribe_callback,117,False,False,False,MUST_TRACE
sovereignai\shared\types.py,,now_utc,76,False,False,False,PURE
sovereignai\shared\types.py,,new_correlation_id,85,False,False,False,PURE
sovereignai\shared\types.py,,_is_valid_uuid,90,False,False,False,PURE
sovereignai\shared\types.py,NoActiveProviderError,__init__,165,False,False,False,DATACLASS_INIT
sovereignai\shared\types.py,UnknownTaskError,__init__,176,False,False,False,DUNDER_PROTOCOL
sovereignai\shared\types.py,InvalidStateTransitionError,__init__,188,False,False,False,DUNDER_PROTOCOL
sovereignai\shared\types.py,ComponentStatus,is_available,293,False,False,False,PURE
sovereignai\shared\types.py,RelayNotSupportedError,__init__,360,False,False,False,DATACLASS_INIT
sovereignai\shared\types.py,CapabilityAPIError,__init__,385,False,False,False,DUNDER_PROTOCOL
sovereignai\skills\official\self_correction\skill.py,SelfCorrectionSkill,__init__,14,False,True,False,DUNDER_PROTOCOL
sovereignai\skills\official\self_correction\skill.py,SelfCorrectionSkill,on_task_state_changed,24,True,True,False,PURE
sovereignai\skills\official\self_correction\skill.py,SelfCorrectionSkill,analyze_task,48,False,False,False,PURE
sovereignai\skills\official\self_correction\skill.py,SelfCorrectionSkill,update_procedural_memory,65,True,True,False,PURE
sovereignai\skills\official\self_correction\skill.py,SelfCorrectionSkill,_recommend_retraining,86,True,True,False,PURE
sovereignai\skills\official\self_correction\skill.py,SelfCorrectionSkill,_extract_patterns,100,False,False,False,PURE
sovereignai\versioning\compatibility_matrix.py,CompatibilityMatrix,__init__,55,False,True,False,DUNDER_PROTOCOL
sovereignai\versioning\compatibility_matrix.py,CompatibilityMatrix,_ensure_storage_dir,67,False,False,False,PURE
sovereignai\versioning\compatibility_matrix.py,CompatibilityMatrix,record,71,True,False,False,TRACED
sovereignai\versioning\compatibility_matrix.py,CompatibilityMatrix,flush,114,True,True,False,TRACED
sovereignai\versioning\compatibility_matrix.py,CompatibilityMatrix,is_tested,162,False,False,False,PURE
sovereignai\versioning\compatibility_matrix.py,CompatibilityMatrix,get_status,213,False,False,False,PURE
sovereignai\versioning\compatibility_matrix.py,CompatibilityMatrix,_load_with_recovery,271,True,True,False,PURE
sovereignai\versioning\compatibility_matrix.py,CompatibilityMatrix,_get_trace_level,309,False,False,False,PURE
sovereignai\versioning\negotiator.py,FatalIncompatibilityError,__init__,32,False,False,False,DUNDER_PROTOCOL
sovereignai\versioning\negotiator.py,VersionNegotiator,__init__,75,False,True,False,DUNDER_PROTOCOL
sovereignai\versioning\negotiator.py,VersionNegotiator,negotiate,90,True,True,False,TRACED
sovereignai\versioning\negotiator.py,VersionNegotiator,_all_components,174,False,False,False,PURE
sovereignai\versioning\negotiator.py,VersionNegotiator,_check_pair,182,False,False,False,PURE
sovereignai\versioning\negotiator.py,VersionNegotiator,_is_core,205,False,False,False,PURE
sovereignai\versioning\negotiator.py,VersionNegotiator,_check_core_compatibility,239,False,False,False,PURE
sovereignai\versioning\negotiator.py,VersionNegotiator,_check_plugin_compatibility,311,False,False,False,PURE
sovereignai\versioning\semver.py,SemVer,parse,18,False,False,False,PURE
sovereignai\versioning\semver.py,SemVer,__str__,60,False,False,False,DUNDER_PROTOCOL
sovereignai\versioning\semver.py,SemVer,__lt__,69,False,False,False,DUNDER_PROTOCOL
sovereignai\versioning\semver.py,SemVer,__eq__,112,False,False,False,DUNDER_PROTOCOL
sovereignai\versioning\semver.py,SemVer,__le__,123,False,False,False,DUNDER_PROTOCOL
sovereignai\versioning\semver.py,SemVer,__gt__,134,False,False,False,DUNDER_PROTOCOL
sovereignai\versioning\semver.py,SemVer,__ge__,145,False,False,False,DUNDER_PROTOCOL
sovereignai\versioning\semver.py,SemVer,__ne__,156,False,False,False,DUNDER_PROTOCOL
sovereignai\versioning\semver.py,SemVer,is_compatible_with,167,False,False,False,PURE
sovereignai\workers\education\teacher_worker.py,TeacherWorker,__init__,21,False,True,False,DUNDER_PROTOCOL
sovereignai\workers\education\teacher_worker.py,TeacherWorker,health_check,33,True,True,False,PURE
sovereignai\workers\education\teacher_worker.py,TeacherWorker,finetune,95,True,True,False,PURE
sovereignai\workers\education\teacher_worker.py,TeacherWorker,cancel,177,False,False,False,PURE
sovereignai\workers\education\teacher_worker.py,TeacherWorker,evaluate,181,False,False,False,PURE
sovereignai\workers\education\teacher_worker.py,TeacherWorker,curate_dataset,189,True,True,False,TRACED
sovereignai\workers\education\teacher_worker.py,TeacherWorker,_enforce_model_size_limit,255,True,True,False,TRACED
sovereignai\workers\education\teacher_worker.py,TeacherWorker,_register_model,298,True,True,False,TRACED
web\hardware_probe.py,HardwareProbe,__init__,45,False,False,False,DATACLASS_INIT
web\hardware_probe.py,HardwareProbe,probe_async,49,False,False,False,PURE
web\hardware_probe.py,HardwareProbe,probe,57,False,False,False,PURE
web\hardware_probe.py,HardwareProbe,_get_cpu_count,81,False,False,False,PURE
web\hardware_probe.py,HardwareProbe,_get_cpu_freq,92,False,False,False,PURE
web\hardware_probe.py,HardwareProbe,_get_ram,110,False,False,False,PURE
web\hardware_probe.py,HardwareProbe,_get_ram_windows,128,False,False,False,PURE
web\hardware_probe.py,HardwareProbe,_get_ram_macos,159,False,False,False,PURE
web\hardware_probe.py,HardwareProbe,_get_ram_linux,174,True,False,False,TRACED
web\hardware_probe.py,HardwareProbe,_get_gpu,205,False,False,False,PURE
web\hardware_probe.py,HardwareProbe,_get_gpu_windows,226,False,False,False,PURE
web\hardware_probe.py,HardwareProbe,_get_gpu_macos,259,False,False,False,PURE
web\hardware_probe.py,HardwareProbe,_get_gpu_linux,289,False,False,False,PURE
web\hardware_probe.py,HardwareProbe,_parse_vram_string,329,False,False,False,PURE
web\main.py,,lifespan,52,False,False,False,PURE
web\main.py,,first_run_redirect,73,False,False,False,PURE
web\main.py,,get_session_token,103,False,False,False,PURE
web\main.py,,get_current_user,124,False,False,False,PURE
web\main.py,,get_index,149,False,False,False,PURE
web\main.py,,login,155,False,False,False,PURE
web\main.py,,logout,176,False,False,False,PURE
web\main.py,,register,183,False,False,False,PURE
web\main.py,,login_page,198,False,False,False,PURE
web\main.py,,register_page,204,False,False,False,PURE
web\main.py,,auth_status,210,False,False,False,PURE
web\main.py,,get_capabilities,225,True,False,False,TRACED
web\main.py,,get_workers,259,False,False,False,PURE
web\main.py,,get_tasks,280,True,False,False,TRACED
web\main.py,,post_task,316,False,False,False,PURE
web\main.py,,get_task,357,False,False,False,PURE
web\main.py,,dispatch,386,False,False,False,PURE
web\main.py,,get_hardware,454,False,False,False,PURE
web\main.py,,get_traces,475,False,False,False,PURE
web\main.py,,get_traces_stream,522,False,False,False,MUST_TRACE
web\main.py,,event_generator,550,False,False,False,MUST_TRACE
web\main.py,,on_task_state,562,False,False,False,PURE
web\main.py,,get_traces_for_task,650,False,False,False,PURE
web\main.py,,get_installed_models,674,False,False,False,MUST_TRACE
web\main.py,,get_model_catalog,724,False,False,False,PURE
web\main.py,,compute_toks_per_sec,760,False,False,False,MUST_TRACE
web\main.py,,compute_vram_badge,807,False,False,False,PURE
web\main.py,,extract_quant_from_filename,830,False,False,False,PURE
web\main.py,,get_hierarchical_catalog,839,True,False,False,TRACED
web\main.py,,get_model_detail,971,True,False,False,TRACED
web\main.py,,pull_model,1004,True,False,False,TRACED
web\main.py,,_pull,1027,True,False,False,TRACED
web\main.py,,get_pull_status,1203,False,False,False,PURE
web\main.py,,get_pull_status_for_model,1209,False,False,False,PURE
web\main.py,,get_all_models,1215,False,False,False,MUST_TRACE
web\main.py,,get_ollama_status,1242,False,False,False,PURE
web\main.py,,start_ollama,1256,True,False,False,PURE
web\main.py,,_poll_output,1302,True,False,False,PURE
web\main.py,,get_storage_paths,1365,True,False,False,PURE
web\main.py,,get_memory_backends,1390,True,False,False,TRACED
web\main.py,,get_options_config,1456,False,False,False,PURE
web\main.py,,set_api_key_endpoint,1471,False,False,False,PURE
web\main.py,,delete_api_key_endpoint,1484,False,False,False,PURE
web\main.py,,get_services,1493,False,False,False,PURE
web\main.py,,download_service_endpoint,1501,True,False,False,PURE
web\main.py,,update_service_endpoint,1525,True,False,False,PURE
web\main.py,,uninstall_service_endpoint,1549,True,False,False,PURE
web\main.py,,start_service_endpoint,1573,True,False,False,PURE
web\main.py,,stop_service_endpoint,1597,True,False,False,PURE
web\main.py,,restart_service_endpoint,1621,True,False,False,PURE
web\main.py,,get_databases,1646,False,False,False,PURE
web\main.py,,download_database_endpoint,1654,True,False,False,PURE
web\main.py,,update_database_endpoint,1678,True,False,False,PURE
web\main.py,,uninstall_database_endpoint,1702,True,False,False,PURE
web\main.py,,get_auth_tokens,1727,False,False,False,PURE
web\main.py,,set_auth_token,1738,False,False,False,PURE
web\main.py,,delete_auth_token,1750,False,False,False,PURE
scripts\ar_checks\check_tracing.py,FunctionTracingAuditor,__init__,16,False,False,False,DUNDER_PROTOCOL
scripts\ar_checks\check_tracing.py,FunctionTracingAuditor,visit_ClassDef,26,False,False,False,PURE
scripts\ar_checks\check_tracing.py,FunctionTracingAuditor,visit_FunctionDef,33,False,False,False,MUST_TRACE
scripts\ar_checks\check_tracing.py,FunctionTracingAuditor,visit_AsyncFunctionDef,65,False,False,False,PURE
scripts\ar_checks\check_tracing.py,FunctionTracingAuditor,_has_emit_call,69,False,False,False,PURE
scripts\ar_checks\check_tracing.py,FunctionTracingAuditor,_has_trace_emitter_attr,78,False,False,False,PURE
scripts\ar_checks\check_tracing.py,FunctionTracingAuditor,_has_logger_call,86,False,False,False,PURE
scripts\ar_checks\check_tracing.py,FunctionTracingAuditor,_classify_function,95,False,False,False,PURE
scripts\ar_checks\check_tracing.py,FunctionTracingAuditor,_is_dataclass_init,142,False,False,False,PURE
scripts\ar_checks\check_tracing.py,FunctionTracingAuditor,_is_pure_function,149,False,False,False,PURE
scripts\ar_checks\check_tracing.py,,audit_directory,165,False,False,False,MUST_TRACE
scripts\ar_checks\check_tracing.py,,main,198,False,False,False,MUST_TRACE
scripts\ar_checks\constructor_arg_cap.py,,is_dataclass,15,False,False,False,PURE
scripts\ar_checks\constructor_arg_cap.py,,is_pure_dto,24,False,False,False,PURE
scripts\ar_checks\constructor_arg_cap.py,,count_args,34,False,False,False,PURE
scripts\ar_checks\constructor_arg_cap.py,,scan_file,42,False,False,False,MUST_TRACE
scripts\ar_checks\constructor_arg_cap.py,,main,69,False,False,False,MUST_TRACE
scripts\ar_checks\docstring_discipline.py,,first_line,23,False,False,False,PURE
scripts\ar_checks\docstring_discipline.py,,starts_with_verb,31,False,False,False,PURE
scripts\ar_checks\docstring_discipline.py,,check_function,43,False,False,False,MUST_TRACE
scripts\ar_checks\docstring_discipline.py,,scan_file,74,False,False,False,MUST_TRACE
scripts\ar_checks\docstring_discipline.py,,main,88,False,False,False,MUST_TRACE
scripts\ar_checks\no_context_bags.py,,annotation_name,18,False,False,False,PURE
scripts\ar_checks\no_context_bags.py,,check_function,31,False,False,False,MUST_TRACE
scripts\ar_checks\no_context_bags.py,,scan_file,59,False,False,False,MUST_TRACE
scripts\ar_checks\no_context_bags.py,,main,76,False,False,False,MUST_TRACE
scripts\ar_checks\no_globals.py,,is_mutable_default,18,False,False,False,PURE
scripts\ar_checks\no_globals.py,,is_constant_name,23,False,False,False,PURE
scripts\ar_checks\no_globals.py,,check_module_globals,28,False,False,False,MUST_TRACE
scripts\ar_checks\no_globals.py,,check_class_defaults,63,False,False,False,MUST_TRACE
scripts\ar_checks\no_globals.py,,scan_file,80,False,False,False,PURE
scripts\ar_checks\no_globals.py,,main,89,False,False,False,MUST_TRACE
scripts\ar_checks\no_hardcoded_component_names.py,,imported_top_level_package,17,False,False,False,PURE
scripts\ar_checks\no_hardcoded_component_names.py,,scan_file,26,False,False,False,MUST_TRACE
scripts\ar_checks\no_hardcoded_component_names.py,,main,45,False,False,False,MUST_TRACE
scripts\ar_checks\ui_does_not_touch_core.py,,changed_files,17,False,False,False,PURE
scripts\ar_checks\ui_does_not_touch_core.py,,main,28,False,False,False,MUST_TRACE
adapters\external\ollama_adapter\adapter.py,OllamaAdapter,__init__,22,True,True,False,DUNDER_PROTOCOL
adapters\external\ollama_adapter\adapter.py,OllamaAdapter,health_check,37,False,False,False,PURE
adapters\external\ollama_adapter\adapter.py,OllamaAdapter,_health_check,45,True,True,False,PURE
adapters\external\ollama_adapter\adapter.py,OllamaAdapter,generate,62,True,True,False,PURE
adapters\external\ollama_adapter\adapter.py,OllamaAdapter,chat,95,True,True,False,PURE
skills\user\websearch_skill\skill.py,DuckDuckGoHTMLParser,__init__,38,False,False,False,DUNDER_PROTOCOL
skills\user\websearch_skill\skill.py,DuckDuckGoHTMLParser,handle_starttag,49,False,False,False,PURE
skills\user\websearch_skill\skill.py,DuckDuckGoHTMLParser,handle_endtag,61,False,False,False,MUST_TRACE
skills\user\websearch_skill\skill.py,DuckDuckGoHTMLParser,handle_data,79,False,False,False,PURE
skills\user\websearch_skill\skill.py,WebSearchSkill,__init__,95,False,True,False,DUNDER_PROTOCOL
skills\user\websearch_skill\skill.py,WebSearchSkill,search,105,True,True,False,PURE
